carMake,carModel,email,lastName,firstName
GMC,1500,Karlskoga,Tootell,HeathcarMake,carModel,email,lastName,firstName
Toyota,Supra,Mvomero,Peebles,BeatricecarMake,carModel,email,lastName,firstName
Subaru,Legacy,Karlovy Vary,Crawley,ElishacarMake,carModel,email,lastName,firstName
Cadillac,STS-V,Gudong,Heinecke,AlisacarMake,carModel,email,lastName,firstName
Cadillac,Eldorado,Arroyo Naranjo,Lee,GustacarMake,carModel,email,lastName,firstName
Honda,Civic Si,Baima,Elkin,KamillahcarMake,carModel,email,lastName,firstName
Ford,Econoline E150,Pilang,Capun,JanotcarMake,carModel,email,lastName,firstName
Honda,Pilot,Lamduan,Passman,NikanikicarMake,carModel,email,lastName,firstName
Kia,Optima,Faruka,Casbourne,DickcarMake,carModel,email,lastName,firstName
Toyota,Supra,Patenongan,Fargher,AndreacarMake,carModel,email,lastName,firstName
Infiniti,I,Shadili,Pearmine,DennisoncarMake,carModel,email,lastName,firstName
Mercedes-Benz,C-Class,Velestíno,Augustin,JeanettecarMake,carModel,email,lastName,firstName
Chevrolet,Venture,Sukpak,Eschalotte,BearnardcarMake,carModel,email,lastName,firstName
Dodge,Dakota Club,Chocianów,Brydon,HomercarMake,carModel,email,lastName,firstName
Volkswagen,Touareg,Hacienda La Calera,Rillstone,EttorecarMake,carModel,email,lastName,firstName
Mitsubishi,Chariot,Xinning,Rodgers,RosettacarMake,carModel,email,lastName,firstName
GMC,2500,Xiangyang,Gomes,NicolinecarMake,carModel,email,lastName,firstName
Mercury,Mountaineer,Pangai,Stores,ElenicarMake,carModel,email,lastName,firstName
Maybach,57,Anáfi,Drewes,ArincarMake,carModel,email,lastName,firstName
Volvo,960,Mairinque,Akhurst,BertycarMake,carModel,email,lastName,firstName
Toyota,Tercel,Rancabelut,Pepperrall,DronacarMake,carModel,email,lastName,firstName
Cadillac,XLR-V,Toužim,Steptowe,LannacarMake,carModel,email,lastName,firstName
Volkswagen,Corrado,Paris 09,Batthew,CarinacarMake,carModel,email,lastName,firstName
Toyota,Echo,Petrozavodsk,Wyne,HomercarMake,carModel,email,lastName,firstName
Oldsmobile,Cutlass Supreme,Jatirogo,Jinks,BrittanycarMake,carModel,email,lastName,firstName
Chevrolet,Camaro,Guyancourt,Stockey,DemottcarMake,carModel,email,lastName,firstName
Mercedes-Benz,CL-Class,Gapyeong,O'Kinneally,ConchitacarMake,carModel,email,lastName,firstName
Chevrolet,Cruze,Hanjianglu,Brafferton,AlidiacarMake,carModel,email,lastName,firstName
Toyota,4Runner,Correntina,Byre,PadraiccarMake,carModel,email,lastName,firstName
Chevrolet,3500,Bandar Pusat Jengka,Ganford,TedcarMake,carModel,email,lastName,firstName
Pontiac,6000,Dongxiaokou,Nickoll,Colver